<?xml version='1.0' encoding='UTF-8'?>
<!DOCTYPE hibernate-configuration PUBLIC
          "-//Hibernate/Hibernate Configuration DTD 3.0//EN"
          "http://www.hibernate.org/dtd/hibernate-configuration-3.0.dtd">
<!-- Generated by MyEclipse Hibernate Tools.                   -->
<hibernate-configuration>
    <session-factory>
        <property name="dialect">org.hibernate.dialect.MySQLDialect</property>
        <property name="connection.url">jdbc:mysql://localhost:3306/mooc</property>
        <property name="connection.username">root</property>
        <property name="connection.password">huxiao19960614</property>
        <property name="connection.driver_class">com.mysql.jdbc.Driver</property>
        <mapping resource="com/buaa/mooc/entity/Course.hbm.xml" />
        <mapping resource="com/buaa/mooc/entity/EduAdmin.hbm.xml" />
        <mapping resource="com/buaa/mooc/entity/Student.hbm.xml" />
        <mapping resource="com/buaa/mooc/entity/Teacher.hbm.xml" />
        <mapping resource="com/buaa/mooc/entity/Term.hbm.xml" />
        <mapping resource="com/buaa/mooc/entity/TeacherCourse.hbm.xml" />
        <mapping resource="com/buaa/mooc/entity/StudentCourse.hbm.xml" />
        <mapping resource="com/buaa/mooc/entity/File.hbm.xml" />
        <mapping resource="com/buaa/mooc/entity/Homework.hbm.xml" />
    </session-factory>
</hibernate-configuration>